id,predicted_positions
0,"[5, 10, 12]"
1,"[3, 6, 7]"
2,"[4, 12, 13, 20, 21]"
3,"[5, 10, 18]"
4,"[2, 5, 10]"
5,"[6, 7, 13]"
6,"[5, 14]"
7,"[3, 12, 15]"
8,"[6, 13]"
9,[7]
10,"[3, 11, 12]"
11,"[5, 7, 18]"
12,"[6, 12]"
13,"[2, 11]"
14,"[3, 13, 15]"
15,"[4, 9, 21]"
16,[2]
17,"[3, 10, 12, 19]"
18,"[5, 9, 17]"
19,[5]
20,"[3, 13, 15]"
21,"[1, 4, 7, 9]"
22,"[5, 11]"
23,"[3, 9]"
24,"[5, 12]"
25,"[5, 16, 17]"
26,"[3, 10, 11, 17]"
27,"[6, 11, 15]"
28,"[2, 15, 21]"
29,"[2, 10]"
30,"[5, 11]"
31,"[5, 14]"
32,"[3, 4, 8]"
33,"[4, 12, 13, 19]"
34,"[5, 16]"
35,"[3, 8]"
36,"[5, 12, 20]"
37,[8]
38,"[3, 13, 15]"
39,"[4, 11, 14]"
40,"[5, 14]"
41,"[3, 11, 19]"
42,"[5, 10]"
43,"[2, 11]"
44,"[3, 9]"
45,"[1, 4, 12]"
46,"[5, 14]"
47,"[3, 9, 11, 16, 17]"
48,"[5, 10]"
49,"[5, 11]"
50,"[3, 9]"
51,"[6, 10]"
52,"[5, 12]"
53,"[3, 10, 12]"
54,"[5, 9]"
55,"[5, 10, 12]"
56,"[3, 10, 13]"
57,"[4, 8, 10]"
58,"[2, 15, 21]"
59,"[3, 10, 21]"
60,"[5, 12]"
61,[5]
62,"[3, 10, 22]"
63,"[1, 4, 12, 15]"
64,"[5, 16]"
65,"[3, 9]"
66,"[5, 15, 21]"
67,"[5, 14]"
68,"[3, 13, 15]"
69,"[4, 11, 12]"
70,"[5, 12]"
71,"[3, 9]"
72,[5]
73,"[2, 9]"
74,"[3, 11, 23]"
75,"[1, 4]"
76,"[5, 14]"
77,"[3, 4, 8]"
78,"[5, 12]"
79,"[6, 7, 18]"
80,"[3, 6, 10, 13]"
81,"[6, 12]"
82,"[5, 16]"
83,"[3, 9, 17]"
84,"[5, 9]"
85,"[5, 12]"
86,"[3, 6, 10, 13]"
87,"[4, 12]"
88,"[5, 14]"
89,"[3, 10, 12, 19]"
90,[5]
91,[]
92,"[3, 10, 12]"
93,"[1, 4, 12]"
94,[5]
95,"[3, 9]"
96,"[5, 18]"
97,"[3, 9, 11]"
98,"[5, 12]"
99,"[6, 11, 22, 23]"
100,"[3, 8, 14, 25]"
101,"[5, 13, 15, 22]"
102,"[8, 11, 14, 19]"
103,"[3, 14, 16, 25, 32]"
104,"[1, 4, 12, 18]"
105,"[5, 12, 20]"
106,"[3, 9, 12, 24, 29]"
107,"[5, 14, 22, 30]"
108,"[5, 10, 15, 16]"
109,"[3, 10, 12, 19]"
110,"[4, 9, 10, 17]"
111,"[5, 12, 22, 25]"
112,"[3, 9, 10, 15]"
113,"[5, 13, 19]"
114,"[6, 9, 20]"
115,"[3, 12, 15, 17, 24]"
116,"[4, 10, 20]"
117,"[6, 14, 23, 30]"
118,"[3, 13, 15, 24]"
119,"[5, 12, 18, 26]"
120,"[5, 11, 17]"
121,"[3, 9, 12, 21]"
122,"[1, 4, 12, 14, 19]"
123,"[5, 15]"
124,"[3, 9, 11, 19]"
125,"[5, 12, 20, 27]"
126,"[5, 8, 25, 27]"
127,"[3, 10, 12]"
128,"[1, 4, 12, 13, 20]"
129,"[5, 6, 14, 21]"
130,"[3, 12, 19]"
131,"[5, 14, 17, 25, 26]"
132,"[5, 9, 12, 19]"
133,"[3, 11, 13]"
134,"[1, 9, 11]"
135,"[5, 11, 19, 25]"
136,"[3, 14]"
137,"[5, 9, 17]"
138,"[5, 14]"
139,"[3, 14]"
140,"[4, 10, 15, 17]"
141,"[7, 13, 22]"
142,"[3, 12, 14]"
143,"[5, 11, 18, 24]"
144,"[5, 12, 16]"
145,"[3, 13, 20]"
146,"[1, 4, 8, 10, 17, 21]"
147,"[7, 8, 20]"
148,"[3, 12, 14]"
149,"[5, 16]"
150,"[11, 25]"
151,"[3, 11]"
152,"[1, 4, 13, 18]"
153,"[5, 11, 12]"
154,"[8, 14]"
155,"[5, 14]"
156,"[8, 12, 14]"
157,"[3, 8, 16]"
158,"[1, 4, 10, 12]"
159,"[5, 14, 17]"
160,"[3, 12, 13]"
161,"[5, 13]"
162,"[2, 11, 16]"
163,"[3, 8]"
164,"[4, 10, 11, 18]"
165,"[6, 14]"
166,"[3, 13, 14]"
167,[5]
168,"[6, 14]"
169,"[3, 12]"
170,"[1, 9, 15, 17]"
171,"[5, 12]"
172,"[3, 13, 15]"
173,"[5, 11]"
174,"[7, 10]"
175,"[3, 12, 19]"
176,"[1, 4, 13, 19]"
177,"[3, 14, 19, 22]"
178,"[5, 10, 13]"
179,"[6, 9]"
180,"[3, 12, 18]"
181,"[4, 13, 19]"
182,"[5, 11]"
183,"[4, 11, 23]"
184,"[5, 11, 14]"
185,"[5, 11]"
186,"[3, 13, 15]"
187,"[4, 13]"
188,"[5, 12]"
189,"[3, 13, 17]"
190,"[5, 12]"
191,"[2, 11]"
192,"[3, 6, 16]"
193,"[1, 4, 8, 15, 16]"
194,"[5, 16]"
195,"[3, 12, 15]"
196,"[5, 13]"
197,"[5, 17]"
198,"[3, 13]"
199,"[1, 4, 9]"
200,[11]
201,"[7, 9]"
202,"[5, 11]"
203,[11]
204,"[3, 9]"
205,"[1, 4, 12, 13]"
206,"[5, 11, 14]"
207,"[3, 15]"
208,"[5, 12]"
209,"[5, 13]"
210,"[3, 11, 13]"
211,"[1, 4, 13]"
212,"[5, 11]"
213,"[3, 9, 12]"
214,"[5, 10]"
215,"[5, 6, 15]"
216,"[4, 10, 20]"
217,"[4, 10, 15]"
218,[10]
219,"[3, 14]"
220,"[5, 10, 12]"
221,"[9, 15]"
222,"[1, 4, 11, 12]"
223,"[5, 11]"
224,"[3, 8, 11]"
225,"[5, 11]"
226,[9]
227,"[3, 13]"
228,"[4, 11, 16]"
229,"[5, 9]"
230,"[3, 12]"
231,"[5, 17]"
232,"[3, 8, 14]"
233,"[1, 4, 12, 13]"
234,"[5, 10]"
235,"[3, 4, 8]"
236,"[5, 11]"
237,"[6, 11]"
238,[3]
239,"[1, 4, 7]"
240,[5]
241,"[3, 15]"
242,"[5, 16]"
243,"[5, 11]"
244,"[3, 9]"
245,"[1, 4, 11]"
246,"[5, 10, 12]"
247,"[1, 4, 12, 13]"
248,"[3, 9]"
249,"[5, 11, 12]"
250,"[5, 14]"
251,[3]
252,"[6, 8, 11]"
253,"[5, 16]"
254,"[4, 8, 9]"
255,[5]
256,"[2, 9, 12]"
257,"[1, 7, 11]"
258,"[5, 12]"
259,"[3, 9]"
260,"[5, 11, 19]"
261,"[5, 14]"
262,"[3, 10]"
263,"[4, 9]"
264,"[7, 12]"
265,"[3, 11, 13]"
266,"[5, 9, 10]"
267,"[5, 12]"
268,"[3, 4]"
269,"[4, 8]"
270,"[2, 11]"
271,"[3, 9]"
272,"[5, 12]"
273,[5]
274,"[3, 10, 13]"
275,"[1, 4, 9]"
276,[7]
277,"[3, 9]"
278,"[5, 14]"
279,"[3, 13, 15]"
280,"[1, 4, 12, 14]"
281,[10]
282,"[3, 9]"
283,"[5, 16]"
284,"[5, 14]"
285,"[3, 9, 10]"
286,"[1, 7, 11, 14]"
287,"[5, 12]"
288,"[3, 13, 15]"
289,"[5, 11, 13]"
290,"[5, 13]"
291,"[3, 10, 12]"
292,"[1, 4, 8, 10]"
293,"[3, 9]"
294,"[5, 12]"
295,[5]
296,"[3, 9]"
297,"[4, 9, 10]"
298,"[7, 12]"
299,"[2, 9, 21]"
300,"[5, 10, 11]"
301,[]
302,"[3, 4, 8]"
303,"[4, 12, 13]"
304,"[5, 11]"
305,"[3, 13]"
306,"[5, 11]"
307,"[5, 14]"
308,"[3, 13, 15]"
309,"[1, 4, 8]"
310,"[5, 12]"
311,"[3, 9]"
312,"[5, 12]"
313,"[5, 11]"
314,"[3, 12]"
315,"[4, 10, 13]"
316,"[5, 14]"
317,"[3, 4, 9]"
318,"[5, 12]"
319,[5]
320,"[1, 7, 11, 14]"
321,[5]
322,"[3, 9]"
323,"[5, 10]"
324,"[2, 9, 10]"
325,"[4, 8]"
326,"[5, 16]"
327,"[3, 9]"
328,"[5, 14]"
329,"[7, 12]"
330,"[3, 10]"
331,"[3, 13, 15]"
332,"[5, 10, 11]"
333,"[5, 14]"
334,"[3, 9]"
335,"[5, 14]"
336,[3]
337,[6]
338,"[3, 6]"
339,"[3, 9, 18, 23]"
340,"[11, 20, 28]"
341,[9]
342,[9]
343,"[0, 6, 10]"
344,"[6, 9, 17]"
345,"[7, 9, 20, 23]"
346,"[5, 9, 13]"
347,"[6, 11, 12, 19]"
348,"[2, 9, 11, 13]"
349,"[0, 6, 17, 18]"
350,"[8, 9, 17, 18]"
351,"[2, 14, 23]"
352,"[4, 10]"
353,"[3, 13, 15]"
354,"[4, 10]"
355,"[5, 11, 12, 20]"
356,"[5, 7]"
357,"[2, 8, 10]"
358,"[0, 8, 10, 18]"
359,[11]
360,"[5, 10, 14]"
361,"[4, 12, 18]"
362,"[3, 6, 7, 14, 16]"
363,"[7, 12, 15]"
364,"[2, 5, 10, 16]"
365,"[3, 10, 12, 19]"
366,[10]
367,"[6, 7]"
368,"[3, 11, 12, 18, 20]"
369,"[6, 16, 18]"
370,"[3, 9, 19]"
371,"[6, 7, 13, 20]"
372,"[5, 12]"
373,"[8, 14]"
374,"[6, 10]"
375,"[3, 17]"
376,"[8, 15]"
377,"[6, 11]"
378,"[3, 10]"
379,"[2, 11, 12]"
380,"[5, 16]"
381,"[0, 5, 7, 10]"
382,"[6, 9, 10]"
383,"[1, 7, 11]"
384,"[4, 12]"
385,"[7, 15, 21, 24]"
386,"[0, 6, 11]"
387,"[3, 13, 16]"
388,"[6, 12]"
389,"[4, 10, 16]"
390,"[3, 13, 15]"
391,"[4, 12, 14]"
392,"[8, 11]"
393,[6]
394,[5]
395,"[6, 17]"
396,"[0, 10]"
397,[]
398,"[5, 11, 13]"
399,"[5, 12]"
400,"[6, 10]"
401,"[4, 10]"
402,"[6, 12]"
403,[6]
404,"[4, 14, 17]"
405,"[3, 6, 10, 13]"
406,"[6, 11]"
407,"[7, 15]"
408,"[2, 12]"
409,"[6, 12]"
410,"[3, 8]"
411,"[5, 6, 11]"
412,"[5, 10]"
413,"[8, 9, 17]"
414,"[4, 10, 19]"
415,"[6, 12]"
416,"[3, 11, 14]"
417,"[0, 6, 14]"
418,"[3, 11, 13]"
419,"[7, 11]"
420,"[4, 12]"
421,"[4, 12, 14]"
422,"[3, 10]"
423,[6]
424,"[2, 14, 16]"
425,"[2, 11]"
426,"[3, 8, 10]"
427,"[6, 15]"
428,"[5, 12]"
429,"[3, 10]"
430,"[8, 14, 17]"
431,"[6, 12, 17]"
432,"[0, 2, 8, 13, 19]"
433,"[0, 9, 11, 16, 18]"
434,"[0, 8, 13, 22, 25]"
435,"[0, 5, 7, 12, 18]"
436,"[1, 6, 11, 16, 22, 28, 29]"
437,"[0, 5, 13, 18, 24]"
438,"[0, 5, 9, 16, 24, 26, 31]"
439,"[0, 11, 16, 20]"
440,"[0, 4, 11, 19]"
441,"[0, 6, 12, 17]"
442,"[0, 4, 11, 15, 17]"
443,"[1, 10]"
444,"[6, 12]"
445,"[0, 2, 8, 11]"
446,"[2, 9, 11]"
447,"[0, 10, 13, 15, 18]"
448,"[0, 4, 8, 12, 14]"
449,"[0, 7]"
450,"[0, 8, 13]"
451,"[0, 8, 9]"
452,"[0, 4, 8, 15, 16]"
453,"[0, 2, 3, 10, 13]"
454,"[0, 2, 10]"
455,"[0, 8]"
456,"[2, 8, 11]"
457,"[0, 9, 14, 23]"
458,"[0, 9, 18, 22]"
459,"[2, 5, 11, 16]"
460,"[0, 5, 9, 20]"
461,"[0, 6]"
462,"[6, 8, 12]"
463,"[0, 6, 15]"
464,"[0, 6, 8]"
465,"[0, 4, 9]"
466,"[0, 4, 15]"
467,"[0, 8, 11, 15, 21, 24]"
468,"[0, 11, 13, 20]"
469,"[0, 6, 11, 20]"
470,"[0, 5, 8, 16, 25]"
471,"[0, 1, 9, 11, 16]"
472,"[0, 8]"
473,"[0, 2, 11]"
474,"[0, 1, 5, 22]"
475,"[0, 3, 13]"
476,"[0, 1, 3, 12, 20]"
477,"[0, 1, 10, 13, 17, 21]"
478,"[0, 6, 10, 19]"
479,"[0, 6, 11]"
480,"[1, 10, 15]"
481,"[0, 8, 9, 14, 16]"
482,"[0, 7, 13, 14, 20]"
483,"[0, 6]"
484,"[0, 12]"
485,"[7, 14, 15, 23]"
486,"[0, 4, 7, 8, 18, 21, 27, 29]"
487,"[0, 6, 12, 17, 20, 26, 27]"
488,"[0, 4, 5, 9, 13, 20, 29]"
489,"[0, 4, 6, 11, 17, 24]"
490,"[0, 9, 10, 16]"
491,"[4, 8, 9, 15]"
492,"[0, 1, 7, 17, 20, 24]"
493,"[0, 4, 12, 19]"
494,"[0, 11]"
495,"[0, 7, 18, 21]"
496,"[0, 4, 10, 13, 19]"
497,"[0, 14]"
498,"[0, 6, 7, 19]"
499,"[0, 5, 12]"
500,"[0, 11, 14, 16]"
501,"[0, 11, 13, 21, 27, 28]"
502,"[1, 3, 8, 13, 16, 25]"
503,"[0, 5, 12, 17, 23]"
504,"[0, 10, 12]"
505,"[4, 6, 14]"
506,"[0, 9, 14]"
507,"[2, 4, 12]"
508,"[0, 6, 13]"
509,"[0, 6, 7, 11, 18]"
510,"[0, 7, 13, 14]"
511,"[0, 3, 9]"
512,"[0, 7, 10, 16]"
513,"[0, 4, 10, 11, 15]"
514,"[0, 4, 12]"
515,"[0, 6, 9, 14]"
516,"[0, 6, 8]"
517,"[0, 6, 16]"
518,"[0, 7, 11]"
519,"[0, 6, 12, 13, 18]"
520,"[0, 6, 8, 15]"
521,"[0, 7, 9, 12, 15]"
522,"[0, 7, 12, 15]"
523,"[1, 7, 11, 17]"
524,"[6, 10, 17]"
525,"[0, 1, 10, 11, 16, 21]"
526,"[0, 1, 6, 11, 17, 21]"
527,"[3, 9, 12, 13]"
528,"[0, 2, 6, 9]"
529,"[0, 4, 12]"
530,"[0, 6, 10, 17, 23]"
531,"[0, 6, 12, 18, 19, 26, 27]"
532,"[0, 5, 7, 13, 19]"
533,"[0, 6, 12, 17, 19, 25]"
534,"[3, 9]"
535,"[3, 9]"
536,"[6, 10, 17]"
537,"[0, 1, 10, 11, 16, 22]"
538,"[6, 17, 22, 27, 32]"
539,"[0, 7]"
540,[6]
541,[0]
542,"[3, 11, 12]"
543,"[0, 8]"
544,"[1, 6, 9]"
545,"[2, 4]"
546,[8]
547,"[0, 9, 17]"
548,"[0, 10, 15]"
549,"[0, 7]"
550,"[0, 6]"
551,"[0, 1, 8]"
552,"[0, 8, 10]"
553,[7]
554,"[0, 8]"
555,"[5, 13, 18, 22, 24, 30]"
556,"[14, 22]"
557,"[0, 6, 8, 12, 19, 20, 25, 26]"
558,"[0, 11, 16, 27]"
559,"[0, 3, 6, 10, 11, 18, 23]"
560,"[6, 11, 16, 21, 23, 34]"
561,"[1, 6, 8, 15, 16, 27]"
562,"[0, 4, 5, 12, 21, 26, 30]"
563,"[0, 6, 8, 13, 17, 26]"
564,"[6, 8, 13, 19, 22]"
565,"[1, 4, 10, 16, 22]"
566,"[1, 4, 10, 12, 19]"
567,"[0, 9, 12, 13, 17, 21]"
568,"[0, 4, 10, 16, 20, 21]"
569,"[4, 10, 13, 18, 26]"
570,"[6, 8, 18]"
571,"[0, 6, 11, 17, 23]"
572,"[0, 6, 15, 20]"
573,"[1, 4, 11, 14, 23, 24]"
574,"[4, 10, 14, 27]"
575,"[0, 5, 9, 12, 13, 17, 24]"
576,"[0, 2, 4, 10, 12, 18]"
577,"[0, 3, 10, 13, 19, 21]"
578,"[0, 11, 17]"
579,"[0, 7, 11, 22]"
580,"[0, 4, 10, 16, 20, 21]"
581,"[0, 5, 11, 12]"
582,"[0, 5, 13]"
583,"[0, 6, 13, 14]"
584,"[0, 2]"
585,"[1, 7, 11, 17]"
586,"[0, 7, 11, 15]"
587,"[0, 5, 14]"
588,"[0, 5]"
589,[]
590,"[1, 6, 7]"
591,"[0, 9]"
592,"[0, 6]"
593,[]
594,"[2, 4]"
595,[8]
596,[0]
597,"[0, 2, 8, 13, 15, 20]"
598,"[0, 9, 14]"
599,"[2, 10]"
600,[6]
601,"[0, 6, 11, 14]"
602,"[0, 7, 13, 14]"
603,"[0, 9, 14]"
604,"[3, 6]"
605,[5]
606,"[0, 5]"
607,"[0, 3, 5, 9, 12, 20, 28]"
608,"[0, 5, 13, 18, 21, 29]"
609,"[0, 7]"
610,"[0, 5, 12, 13, 20]"
611,"[0, 8]"
612,"[2, 5, 12, 13, 25]"
613,"[0, 3, 9, 10, 16, 25]"
614,"[0, 6, 8]"
615,"[0, 10, 11]"
616,"[0, 6, 8]"
617,[0]
618,[6]
619,"[0, 6, 8, 15]"
620,"[1, 12]"
621,[]
622,"[2, 8, 10]"
623,"[2, 8, 10, 19, 20]"
624,"[0, 7, 14, 21]"
625,"[0, 9]"
626,"[0, 6, 7, 15]"
627,"[0, 7, 10, 13, 16, 18]"
628,"[0, 2, 9]"
629,"[0, 7, 9]"
630,[]
631,"[0, 6, 8]"
632,[7]
633,"[0, 7, 10]"
634,[]
635,"[1, 7, 11]"
636,[]
637,[]
638,"[0, 1, 10]"
639,"[2, 4, 11]"
640,"[1, 9, 17]"
641,"[0, 8, 13, 14, 17]"
642,"[0, 6, 11]"
643,"[1, 6, 10, 17]"
644,"[0, 5, 7, 11]"
645,"[0, 10, 18, 28, 35]"
646,"[1, 3, 10, 18, 26, 27]"
647,"[0, 5, 9, 15, 19, 23, 25]"
648,"[0, 3, 11, 14, 18, 19, 23, 30]"
649,"[0, 5, 10, 15, 16, 21, 23]"
650,"[0, 5, 9, 18, 23, 27, 33]"
651,"[0, 1, 6, 13, 19, 20, 28, 32]"
652,"[0, 2, 9, 11, 23, 28]"
653,"[0, 1, 7, 14, 19]"
654,"[0, 6, 12, 18, 20, 22, 30]"
655,"[0, 5, 6, 16, 22, 32, 33]"
656,"[0, 2, 8, 15, 17, 23]"
657,"[0, 1, 3, 11, 12, 19, 21, 23, 27]"
658,"[0, 4, 6, 12, 17, 21, 23, 29]"
659,"[0, 2, 14, 16, 26, 33]"
660,"[0, 2, 5, 8, 14, 15, 16, 22, 28]"
661,"[0, 10, 11, 17]"
662,"[0, 5, 6, 8, 15, 21]"
663,"[0, 5, 9, 11, 17, 18, 24]"
664,"[0, 4, 13, 14, 24, 27, 29]"
665,"[0, 1, 7, 11, 16]"
666,"[0, 8, 12, 20]"
667,"[0, 4, 16, 20, 24, 27]"
668,"[0, 1, 9, 10, 16]"
669,"[0, 1, 9]"
670,"[0, 7, 9, 14, 15, 24, 30]"
671,"[0, 7, 15, 16, 18, 23, 25, 31, 33]"
672,"[0, 6, 14, 16, 23, 26, 30]"
673,"[0, 6, 17, 23, 28, 33, 38]"
674,"[0, 4, 7, 9, 15, 18, 20]"
675,"[0, 1, 2, 6, 12, 18, 24, 28]"
676,"[0, 6, 9, 15, 18, 21, 24, 34]"
677,"[0, 6, 13, 14, 21, 22, 29]"
678,"[0, 3, 9, 13, 16, 20, 24, 29]"
679,"[0, 4, 13, 14, 18, 24, 25, 30]"
680,"[0, 4, 8]"
681,"[0, 7, 9, 14, 15, 24, 30]"
682,"[7, 13, 15, 18, 20, 27, 28]"
683,"[0, 5, 10, 17, 21, 26, 27, 34]"
684,"[0, 5, 11, 16, 23, 26, 29]"
685,[]
686,"[5, 6, 11, 20]"
687,"[0, 6, 14]"
688,"[7, 15]"
689,"[0, 1, 3, 9, 17]"
690,"[0, 5, 10, 11]"
691,"[0, 5]"
692,"[0, 2, 7, 11, 12]"
693,"[0, 6]"
694,"[0, 2, 7, 17]"
695,[9]
696,"[2, 5, 6, 14]"
697,[7]
698,"[0, 1, 4, 6, 13]"
699,"[0, 3, 10]"
700,"[4, 7, 11]"
701,"[3, 9]"
702,"[2, 10, 16]"
703,"[7, 13, 20]"
704,"[0, 2, 5, 13, 15, 20]"
705,"[0, 6, 16, 19, 26]"
706,"[1, 4, 7, 11, 12]"
707,"[0, 3, 6, 8, 11]"
708,"[2, 5, 7, 9]"
709,"[0, 6, 7]"
710,"[0, 2, 9]"
711,"[0, 8]"
712,"[0, 6, 11]"
713,"[0, 10]"
714,"[0, 3, 11, 18]"
715,"[0, 3, 11]"
716,"[5, 8, 13, 17, 22]"
717,"[2, 10, 17]"
718,[0]
719,"[0, 8]"
720,[6]
721,"[0, 2, 6, 11]"
722,"[0, 2, 8]"
723,"[2, 9]"
724,[5]
725,"[2, 9]"
726,"[0, 10]"
727,"[0, 6, 11, 13, 17]"
728,"[0, 8, 13, 14, 20]"
729,"[0, 3, 13, 14, 21]"
730,"[0, 6, 11, 12, 17, 19]"
731,"[0, 1, 11, 20]"
732,"[0, 7, 15]"
733,"[0, 7, 12, 14]"
734,"[2, 11, 15]"
735,"[0, 5, 12, 20, 21]"
736,"[0, 6, 9, 14, 16]"
737,"[10, 15]"
738,"[0, 2, 6, 12, 20]"
739,"[0, 11, 12]"
740,"[0, 6, 12, 19]"
741,"[6, 11, 19]"
742,"[0, 2, 4, 7, 10, 12, 15]"
743,"[0, 6, 12, 15, 17, 28]"
744,"[0, 3, 8, 12, 15, 22, 27]"
745,"[1, 9, 12]"
746,"[0, 9, 17, 22, 27, 31]"
747,"[0, 2, 9, 19]"
748,"[0, 5, 11, 13, 17, 21]"
749,"[4, 8, 9, 14, 23]"
750,"[0, 4, 9, 16, 20, 25, 32]"
751,"[0, 4, 8, 9, 19, 25]"
752,"[0, 4, 13, 18, 24, 29]"
753,"[0, 6, 12, 15, 17, 22]"
754,"[0, 4, 13, 15, 21, 30, 31, 35]"
755,"[0, 2, 6]"
756,"[1, 9, 18, 19, 24, 29]"
757,"[2, 7, 11, 14, 19, 20, 25, 29, 35]"
758,"[0, 6, 12, 15, 21, 26, 29]"
759,"[0, 2, 7, 9, 15, 19, 25, 30, 33, 39]"
760,"[0, 1, 9, 12, 13, 19, 23]"
761,"[0, 6, 8, 15, 21, 23, 25, 32]"
762,"[0, 1, 8, 10, 20, 21, 26, 30, 36]"
763,"[1, 7, 9]"
764,"[0, 1, 14, 15, 16]"
765,"[0, 1, 7, 8]"
766,"[0, 9, 10, 14, 15, 21]"
767,"[0, 4, 22, 25]"
768,"[0, 8, 18, 19, 20, 24, 32, 39]"
769,"[0, 5, 11, 20, 22, 28, 32, 38]"
770,"[2, 4, 10, 15, 23, 26, 27, 31, 36]"
771,"[3, 13, 21, 24, 25, 33, 38]"
772,"[0, 1, 9, 14]"
773,"[0, 1, 14, 15, 16]"
774,"[0, 1, 7]"
775,"[0, 11, 15, 20]"
776,"[0, 3, 8, 17]"
777,"[0, 2, 7, 19]"
778,"[0, 5, 18]"
779,"[0, 3, 9, 22]"
780,"[0, 2, 4, 12, 21]"
781,"[0, 6, 8, 11, 16, 18, 26]"
782,"[0, 3, 10, 13, 20, 29]"
783,"[1, 7]"
784,"[0, 14, 19, 20, 28, 36]"
785,"[0, 9, 17, 22, 32, 34, 38, 49]"
786,"[0, 6, 9, 12, 18, 25]"
787,"[0, 6, 8, 16, 24, 25]"
788,"[0, 11, 15, 23, 25]"
789,"[0, 1, 6, 14, 20, 28, 30]"
790,"[0, 3, 8, 14]"
791,"[0, 6, 8]"
792,"[0, 1, 7, 10, 17, 20, 25]"
793,"[0, 7, 10]"
794,"[7, 9, 14, 19]"
795,"[0, 7, 12, 21]"
796,"[0, 6, 7, 16, 25]"
797,"[0, 6, 9, 17, 23, 29, 37]"
798,"[0, 3, 14, 16, 20]"
799,"[1, 10, 15, 21, 24, 34]"
800,"[0, 3, 7, 15, 17, 21]"
801,"[0, 11, 19, 22, 28]"
802,"[0, 2, 5, 10, 13, 15, 23]"
803,"[0, 9, 15, 16, 23]"
804,"[1, 8, 11, 13, 15, 21, 25]"
805,"[7, 13, 17, 20, 22, 27]"
806,"[8, 13, 14, 19, 23, 29]"
807,"[0, 2, 8, 14, 19, 26]"
808,"[1, 6, 13, 16, 24]"
809,"[4, 7, 17, 26, 29]"
810,"[0, 6, 13, 23]"
811,"[1, 8, 10, 15, 23, 24]"
812,"[0, 4, 11, 21, 23]"
813,"[0, 7, 14, 24]"
814,"[0, 9, 16, 17, 26]"
815,"[0, 3, 7, 16, 18]"
816,"[0, 14, 20, 24]"
817,"[0, 17, 18, 27]"
818,"[0, 8, 12, 20]"
819,"[0, 6, 8, 15, 20, 21]"
820,"[6, 12, 22]"
821,"[0, 9, 16, 18, 21, 26]"
822,"[0, 9, 12, 18, 23, 24]"
823,"[0, 9, 13, 18, 25, 27]"
824,"[0, 2, 8, 16, 23]"
825,"[0, 6, 7, 13, 20, 21, 24]"
826,"[1, 12, 20, 23]"
827,"[0, 6, 8, 14, 15, 22]"
828,"[0, 2, 15, 22]"
829,"[1, 6, 11, 13, 19]"
830,"[3, 10, 11, 19, 26]"
831,"[1, 11]"
832,"[0, 6, 13, 15, 22]"
833,"[0, 7, 12, 18]"
834,"[1, 4, 5, 9, 18, 20]"
835,"[0, 3, 5, 13, 20]"
836,"[0, 1, 8, 15, 18, 20]"
837,"[0, 6, 7, 9, 17, 23, 24, 26]"
838,"[0, 8, 12, 16]"
839,"[7, 10, 18, 20]"
840,"[0, 1, 9, 17, 24]"
841,"[5, 13, 21]"
842,"[1, 9, 14, 15, 19]"
843,"[0, 6, 11, 17, 21]"
844,"[1, 3]"
845,"[0, 5, 9, 16]"
846,"[2, 11]"
847,"[9, 11]"
848,"[0, 1, 8, 15, 18]"
849,"[0, 6, 14, 23]"
850,"[0, 9, 15, 16, 21, 23]"
851,"[0, 4, 12, 19, 20]"
852,"[0, 5, 7, 15, 19]"
853,"[2, 8, 13, 21]"
854,"[1, 7, 10, 18, 20]"
855,"[0, 10, 18, 19, 26, 28]"
856,"[2, 13, 21]"
857,"[0, 8, 19, 25, 29]"
858,"[7, 18, 24]"
859,"[0, 4, 7, 12, 19, 22, 23, 26, 28]"
860,"[0, 3, 4, 7, 9, 16, 19, 20, 23, 25]"
861,"[0, 9, 17, 21, 29]"
862,"[0, 4, 12]"
863,"[0, 4, 12]"
864,"[0, 2, 7, 10, 15, 21]"
865,"[0, 6, 11, 20, 26, 31]"
866,"[0, 3, 6, 11, 19, 27]"
867,"[0, 3, 11, 14, 27]"
868,"[6, 15, 21]"
869,"[0, 6, 16, 17, 18, 22, 29]"
870,"[0, 8, 19, 26, 28]"
871,"[0, 7, 11, 20, 27, 36, 42]"
872,"[4, 5]"
873,"[4, 6, 12]"
874,"[0, 2, 11]"
875,"[0, 6, 7, 11]"
876,"[7, 8]"
877,[5]
878,"[0, 9]"
879,"[0, 2, 8]"
880,"[5, 11]"
881,[7]
882,"[0, 6, 12]"
883,"[0, 9]"
884,[]
885,"[0, 7, 11]"
886,"[0, 5, 11]"
887,"[6, 13]"
888,"[1, 4, 10]"
889,"[0, 1, 9]"
890,"[0, 2, 9, 10]"
891,"[0, 4, 9, 10, 14]"
892,"[1, 2, 6, 7]"
893,"[1, 6]"
894,"[0, 2, 8]"
895,"[0, 6, 11]"
896,[2]
897,"[0, 7, 8, 12]"
898,"[0, 7, 12]"
899,"[0, 11]"
900,"[0, 7]"
901,"[0, 6]"
902,"[0, 1, 11]"
903,"[0, 2, 8, 12, 21]"
904,"[8, 12]"
905,"[0, 2, 6, 8, 11, 13, 17, 21]"
906,"[0, 10, 16, 18]"
907,"[2, 4, 10, 13, 15, 17]"
908,"[0, 8, 14, 17, 24, 28]"
909,"[0, 6, 12, 14, 21]"
910,"[0, 2, 8, 15, 18]"
911,"[0, 8, 10]"
912,"[0, 1, 5, 10, 12, 19, 29]"
913,"[0, 5, 10, 14, 15, 24]"
914,"[0, 6, 13, 19]"
915,"[0, 1, 7, 14, 19, 22, 28]"
916,"[0, 5, 13, 16, 23, 27]"
917,"[0, 6, 12, 13, 15, 20]"
918,"[0, 6, 15, 24]"
919,"[0, 3, 7, 9, 12, 18, 22]"
920,"[0, 6, 13, 14, 17, 23]"
921,"[0, 3, 9, 21]"
922,"[5, 10, 13, 19, 22, 28]"
923,"[0, 6, 9, 15]"
924,"[0, 5, 7, 19]"
925,"[0, 5, 12, 17, 21]"
926,"[0, 5, 7, 13, 18]"
927,"[0, 12, 14, 16]"
928,"[0, 7, 14, 21]"
929,"[0, 9, 15, 19, 20]"
930,"[0, 6, 13, 14, 21]"
931,"[6, 8, 13, 16, 18]"
932,"[1, 7, 10, 17, 22]"
933,"[8, 14, 15, 21]"
934,"[6, 8, 14, 15, 21]"
935,"[0, 7, 15, 17]"
936,"[0, 8, 16, 25]"
937,"[5, 8, 14, 20]"
938,"[0, 5, 15]"
939,"[0, 1, 5, 16, 21]"
940,"[0, 6, 12, 14, 19]"
941,"[0, 10, 15]"
942,"[8, 15]"
943,"[0, 6, 13, 22]"
944,"[0, 9, 16]"
945,"[0, 9, 28]"
946,"[0, 6]"
947,"[0, 3, 13]"
948,"[0, 8, 10, 15, 16, 20, 27, 30]"
949,"[0, 2, 10, 11, 15]"
950,"[0, 2, 10, 11, 15]"
951,"[0, 8, 16, 24]"
952,"[0, 5, 8, 16, 18, 21]"
953,"[0, 6, 11]"
954,"[0, 7, 9, 13, 20, 24]"
955,"[0, 1, 6, 8, 16]"
956,"[0, 6, 14]"
957,"[0, 9, 10, 20, 25, 29, 30]"
958,"[0, 4, 12, 16]"
959,"[0, 5, 8, 13, 20]"
960,"[0, 2, 10, 12]"
961,"[6, 11]"
962,"[0, 4, 10, 15]"
963,"[0, 4, 10, 15]"
964,"[0, 6, 11, 20]"
965,"[0, 6, 14, 15, 21]"
966,"[0, 6, 11, 20]"
967,"[11, 20]"
968,"[0, 3, 7, 11, 16, 19, 25]"
969,"[0, 3, 7, 11, 16, 18, 20, 28]"
970,"[0, 4, 8, 14, 16, 18]"
971,"[3, 13, 20, 22, 27, 28]"
972,"[0, 5, 17, 23]"
973,"[0, 10, 17, 20, 27]"
974,"[0, 2, 9, 14, 18, 20, 26]"
975,"[0, 2, 9, 14, 16, 20, 23, 28]"
976,"[0, 4, 6, 11, 12, 19]"
977,"[0, 3, 11]"
978,"[4, 12, 15, 20]"
979,"[0, 7, 12, 15]"
980,"[0, 1, 15, 20]"
981,"[8, 10, 16]"
982,"[0, 2, 7]"
983,"[0, 2, 7]"
984,"[0, 1, 6, 14, 18, 23]"
985,"[2, 7, 8, 12, 13, 23]"
986,[6]
987,"[1, 2, 10, 20, 27, 31]"
988,"[0, 11, 13, 17, 23, 33]"
989,[]
990,"[0, 2, 7]"
991,"[4, 6, 11]"
992,"[0, 16, 18]"
993,"[0, 12, 17]"
994,"[2, 10]"
995,"[0, 8, 13, 14]"
996,"[0, 7, 9, 13, 20]"
997,"[0, 7, 12]"
998,"[4, 8, 9, 13, 18]"
999,[]
1000,[3]
1001,"[0, 7, 10, 16]"
1002,"[0, 13, 19]"
1003,"[0, 8, 19, 22]"
1004,"[0, 9, 12]"
